image_id,file_path,class_name,source,dataset_split,license,checksum,source_repository,source_revision,source_image_path,source_annotation_path,source_object_label,source_group,crop_box
dent-03d9446226936c2f,classification/dent/dent-03d9446226936c2f.jpg,dent,https://huggingface.co/datasets/DrBimmer/car-parts-and-damage-dataset,,MIT,632ab29c79237d8f0a5f674ea76c36c892b129f7cb0425ed9b12a8e6cf931942,DrBimmer/car-parts-and-damage-dataset,2dbf46f7e23eb0d6f551d38e4f77a11fe9d045b9,Car parts dataset/File1/img/Car damages 103.png,Car parts dataset/File1/ann/Car damages 103.png.json,Dent,Car parts dataset/File1/img/Car damages 103.png,"[367,167,534,334]"
dent-777769c7fa8424ef,classification/dent/dent-777769c7fa8424ef.jpg,dent,https://huggingface.co/datasets/DrBimmer/car-parts-and-damage-dataset,,MIT,555c8490c1ca5b637d305094b3dfa31cd27629a9408bca38c2d259b9ad41a746,DrBimmer/car-parts-and-damage-dataset,2dbf46f7e23eb0d6f551d38e4f77a11fe9d045b9,Car parts dataset/File1/img/Car damages 1187.png,Car parts dataset/File1/ann/Car damages 1187.png.json,Dent,Car parts dataset/File1/img/Car damages 1187.png,"[530,246,626,342]"
dent-73c81918292fb8ef,classification/dent/dent-73c81918292fb8ef.jpg,dent,https://huggingface.co/datasets/DrBimmer/car-parts-and-damage-dataset,,MIT,88800da7cf363a602a11408756c31c4bde841bbc8a66f8bd1016ae8c4883ce76,DrBimmer/car-parts-and-damage-dataset,2dbf46f7e23eb0d6f551d38e4f77a11fe9d045b9,Car parts dataset/File1/img/Car damages 1229.jpg,Car parts dataset/File1/ann/Car damages 1229.jpg.json,Dent,Car parts dataset/File1/img/Car damages 1229.jpg,"[283,198,395,310]"
dent-c8bfa9d802696a42,classification/dent/dent-c8bfa9d802696a42.jpg,dent,https://huggingface.co/datasets/DrBimmer/car-parts-and-damage-dataset,,MIT,3eee0d0f2c8231d7ef7adb138b27c3ed90385f58304e9f9d76608b0516c14f9c,DrBimmer/car-parts-and-damage-dataset,2dbf46f7e23eb0d6f551d38e4f77a11fe9d045b9,Car parts dataset/File1/img/Car damages 1238.png,Car parts dataset/File1/ann/Car damages 1238.png.json,Dent,Car parts dataset/File1/img/Car damages 1238.png,"[345,138,632,426]"
dent-4b854af12413842b,classification/dent/dent-4b854af12413842b.jpg,dent,https://huggingface.co/datasets/DrBimmer/car-parts-and-damage-dataset,,MIT,8ae9737f1f82928e8ef5a99a8ce701d1e2079200510a89a2513f73b5ede56bfc,DrBimmer/car-parts-and-damage-dataset,2dbf46f7e23eb0d6f551d38e4f77a11fe9d045b9,Car parts dataset/File1/img/Car damages 1263.png,Car parts dataset/File1/ann/Car damages 1263.png.json,Dent,Car parts dataset/File1/img/Car damages 1263.png,"[195,51,512,368]"
dent-497a4115d154d5e5,classification/dent/dent-497a4115d154d5e5.jpg,dent,https://huggingface.co/datasets/DrBimmer/car-parts-and-damage-dataset,,MIT,7be08917cf1eb3771fc4a255376f5a06bb772189c35ad73dc28a6eed37b5ebc5,DrBimmer/car-parts-and-damage-dataset,2dbf46f7e23eb0d6f551d38e4f77a11fe9d045b9,Car parts dataset/File1/img/Car damages 1331.png,Car parts dataset/File1/ann/Car damages 1331.png.json,Dent,Car parts dataset/File1/img/Car damages 1331.png,"[208,194,398,384]"
dent-23e5bee4ddc3ff08,classification/dent/dent-23e5bee4ddc3ff08.jpg,dent,https://huggingface.co/datasets/DrBimmer/car-parts-and-damage-dataset,,MIT,b36f491f778db1d7f30c9ecbabae7d4d792d9617e9b69f800c6b5c39853d8131,DrBimmer/car-parts-and-damage-dataset,2dbf46f7e23eb0d6f551d38e4f77a11fe9d045b9,Car parts dataset/File1/img/Car damages 1340.jpg,Car parts dataset/File1/ann/Car damages 1340.jpg.json,Dent,Car parts dataset/File1/img/Car damages 1340.jpg,"[88,159,249,320]"
dent-8ec9ab65655d2839,classification/dent/dent-8ec9ab65655d2839.jpg,dent,https://huggingface.co/datasets/DrBimmer/car-parts-and-damage-dataset,,MIT,1c008a5b86bc15d1abdfb03f9bcd7415d6bc7df112f157dda40561e527d18142,DrBimmer/car-parts-and-damage-dataset,2dbf46f7e23eb0d6f551d38e4f77a11fe9d045b9,Car parts dataset/File1/img/Car damages 173.png,Car parts dataset/File1/ann/Car damages 173.png.json,Dent,Car parts dataset/File1/img/Car damages 173.png,"[232,30,328,126]"
dent-80ae1ca5d04f40a1,classification/dent/dent-80ae1ca5d04f40a1.jpg,dent,https://huggingface.co/datasets/DrBimmer/car-parts-and-damage-dataset,,MIT,8a5a914d35c6708d30429431c725d7a23b5ba769c0996696bd9128dc6e7c08b5,DrBimmer/car-parts-and-damage-dataset,2dbf46f7e23eb0d6f551d38e4f77a11fe9d045b9,Car parts dataset/File1/img/Car damages 178.png,Car parts dataset/File1/ann/Car damages 178.png.json,Dent,Car parts dataset/File1/img/Car damages 178.png,"[128,160,224,256]"
dent-b090df23f9d15fc1,classification/dent/dent-b090df23f9d15fc1.jpg,dent,https://huggingface.co/datasets/DrBimmer/car-parts-and-damage-dataset,,MIT,6d0baccf7d95f67a028ecb0258b7cc6c2554906297e5d01875be036914d46077,DrBimmer/car-parts-and-damage-dataset,2dbf46f7e23eb0d6f551d38e4f77a11fe9d045b9,Car parts dataset/File1/img/Car damages 191.png,Car parts dataset/File1/ann/Car damages 191.png.json,Dent,Car parts dataset/File1/img/Car damages 191.png,"[56,289,152,385]"
dent-331b07a4419e8b0d,classification/dent/dent-331b07a4419e8b0d.jpg,dent,https://huggingface.co/datasets/DrBimmer/car-parts-and-damage-dataset,,MIT,7c8f869a6efffdc4585c23fa090c4e23097f7fa2062396804dd1e1dd6d0621a5,DrBimmer/car-parts-and-damage-dataset,2dbf46f7e23eb0d6f551d38e4f77a11fe9d045b9,Car parts dataset/File1/img/Car damages 214.png,Car parts dataset/File1/ann/Car damages 214.png.json,Dent,Car parts dataset/File1/img/Car damages 214.png,"[698,188,794,284]"
dent-f0a2b0aa9555d45a,classification/dent/dent-f0a2b0aa9555d45a.jpg,dent,https://huggingface.co/datasets/DrBimmer/car-parts-and-damage-dataset,,MIT,3fa20b58f89e0bb80f5bd4088596249b75eea6a5d3983f42c782438aeee9f9f5,DrBimmer/car-parts-and-damage-dataset,2dbf46f7e23eb0d6f551d38e4f77a11fe9d045b9,Car parts dataset/File1/img/Car damages 245.png,Car parts dataset/File1/ann/Car damages 245.png.json,Dent,Car parts dataset/File1/img/Car damages 245.png,"[96,24,306,234]"
dent-4d936dcef38780d9,classification/dent/dent-4d936dcef38780d9.jpg,dent,https://huggingface.co/datasets/DrBimmer/car-parts-and-damage-dataset,,MIT,4bbc6920c251db1914c039935e172429a98ca35ff6edfd813609c06b1123c01d,DrBimmer/car-parts-and-damage-dataset,2dbf46f7e23eb0d6f551d38e4f77a11fe9d045b9,Car parts dataset/File1/img/Car damages 264.png,Car parts dataset/File1/ann/Car damages 264.png.json,Dent,Car parts dataset/File1/img/Car damages 264.png,"[462,354,558,450]"
dent-ad75f4617f781714,classification/dent/dent-ad75f4617f781714.jpg,dent,https://huggingface.co/datasets/DrBimmer/car-parts-and-damage-dataset,,MIT,51e5b0d33e06f2fc5ba490776a2ecd253ce641b0412181d319a98f92f68b39df,DrBimmer/car-parts-and-damage-dataset,2dbf46f7e23eb0d6f551d38e4f77a11fe9d045b9,Car parts dataset/File1/img/Car damages 272.png,Car parts dataset/File1/ann/Car damages 272.png.json,Dent,Car parts dataset/File1/img/Car damages 272.png,"[462,176,558,272]"
dent-bd72c848bef84a5d,classification/dent/dent-bd72c848bef84a5d.jpg,dent,https://huggingface.co/datasets/DrBimmer/car-parts-and-damage-dataset,,MIT,a49ff41ca20cac881d405f9fb421459ec502ead958dbacb4b5df4f9f9be2e52d,DrBimmer/car-parts-and-damage-dataset,2dbf46f7e23eb0d6f551d38e4f77a11fe9d045b9,Car parts dataset/File1/img/Car damages 314.png,Car parts dataset/File1/ann/Car damages 314.png.json,Dent,Car parts dataset/File1/img/Car damages 314.png,"[3,184,236,416]"
dent-891e1860b3afd6a2,classification/dent/dent-891e1860b3afd6a2.jpg,dent,https://huggingface.co/datasets/DrBimmer/car-parts-and-damage-dataset,,MIT,083ec3d7fdf9cc9beb5677fc16793764d2e765cc8f1443e029eb5d9d8c11506e,DrBimmer/car-parts-and-damage-dataset,2dbf46f7e23eb0d6f551d38e4f77a11fe9d045b9,Car parts dataset/File1/img/Car damages 386.png,Car parts dataset/File1/ann/Car damages 386.png.json,Dent,Car parts dataset/File1/img/Car damages 386.png,"[269,151,536,418]"
dent-2ecc8d1c7225d803,classification/dent/dent-2ecc8d1c7225d803.jpg,dent,https://huggingface.co/datasets/DrBimmer/car-parts-and-damage-dataset,,MIT,0fffb36cb0baa7564639c82231ad3b2de9a476cd75f044ade5ca9aa1a0ac96a2,DrBimmer/car-parts-and-damage-dataset,2dbf46f7e23eb0d6f551d38e4f77a11fe9d045b9,Car parts dataset/File1/img/Car damages 389.png,Car parts dataset/File1/ann/Car damages 389.png.json,Dent,Car parts dataset/File1/img/Car damages 389.png,"[48,286,144,382]"
dent-ff98d40c444ca04d,classification/dent/dent-ff98d40c444ca04d.jpg,dent,https://huggingface.co/datasets/DrBimmer/car-parts-and-damage-dataset,,MIT,698fea88bdfeb94e0578326d609d8aa2ef2f8a404454026623ee476f05654c78,DrBimmer/car-parts-and-damage-dataset,2dbf46f7e23eb0d6f551d38e4f77a11fe9d045b9,Car parts dataset/File1/img/Car damages 400.png,Car parts dataset/File1/ann/Car damages 400.png.json,Dent,Car parts dataset/File1/img/Car damages 400.png,"[165,268,306,410]"
dent-10c37611a879cd24,classification/dent/dent-10c37611a879cd24.jpg,dent,https://huggingface.co/datasets/DrBimmer/car-parts-and-damage-dataset,,MIT,f5d1a258d70afa4682868c4bf5cd57dcf6c0040aab54be94ce79749a41bf938f,DrBimmer/car-parts-and-damage-dataset,2dbf46f7e23eb0d6f551d38e4f77a11fe9d045b9,Car parts dataset/File1/img/Car damages 439.png,Car parts dataset/File1/ann/Car damages 439.png.json,Dent,Car parts dataset/File1/img/Car damages 439.png,"[374,177,591,394]"
dent-6334949340a19537,classification/dent/dent-6334949340a19537.jpg,dent,https://huggingface.co/datasets/DrBimmer/car-parts-and-damage-dataset,,MIT,6169f2a9f1b758f41799590f24ca6bd94170a703a7928d1289c4fa2a334e72b6,DrBimmer/car-parts-and-damage-dataset,2dbf46f7e23eb0d6f551d38e4f77a11fe9d045b9,Car parts dataset/File1/img/Car damages 499.png,Car parts dataset/File1/ann/Car damages 499.png.json,Dent,Car parts dataset/File1/img/Car damages 499.png,"[364,63,460,159]"
dent-f90745cd3ead128c,classification/dent/dent-f90745cd3ead128c.jpg,dent,https://huggingface.co/datasets/DrBimmer/car-parts-and-damage-dataset,,MIT,622743a5fdf2ee826081386bed5bb2541a0d094be05027af8a13b6a889342f11,DrBimmer/car-parts-and-damage-dataset,2dbf46f7e23eb0d6f551d38e4f77a11fe9d045b9,Car parts dataset/File1/img/Car damages 602.png,Car parts dataset/File1/ann/Car damages 602.png.json,Dent,Car parts dataset/File1/img/Car damages 602.png,"[406,139,518,251]"
dent-af12229e372b0af2,classification/dent/dent-af12229e372b0af2.jpg,dent,https://huggingface.co/datasets/DrBimmer/car-parts-and-damage-dataset,,MIT,198583b1107226299863f09b730f7f01955da5628d6940e15c08347d401f036b,DrBimmer/car-parts-and-damage-dataset,2dbf46f7e23eb0d6f551d38e4f77a11fe9d045b9,Car parts dataset/File1/img/Car damages 607.png,Car parts dataset/File1/ann/Car damages 607.png.json,Dent,Car parts dataset/File1/img/Car damages 607.png,"[394,182,490,278]"
dent-c919219fa890c44b,classification/dent/dent-c919219fa890c44b.jpg,dent,https://huggingface.co/datasets/DrBimmer/car-parts-and-damage-dataset,,MIT,9a6e1a3ebf0688a7de54219beb2a589ff5df1b1a937386ca8404e0971c46e2d2,DrBimmer/car-parts-and-damage-dataset,2dbf46f7e23eb0d6f551d38e4f77a11fe9d045b9,Car parts dataset/File1/img/Car damages 629.png,Car parts dataset/File1/ann/Car damages 629.png.json,Dent,Car parts dataset/File1/img/Car damages 629.png,"[165,167,272,273]"
dent-493c75f2fe8ca659,classification/dent/dent-493c75f2fe8ca659.jpg,dent,https://huggingface.co/datasets/DrBimmer/car-parts-and-damage-dataset,,MIT,53047c66de0040444b91ba2930113149cd6e3e5d2fced19bd8f40cfc36b67201,DrBimmer/car-parts-and-damage-dataset,2dbf46f7e23eb0d6f551d38e4f77a11fe9d045b9,Car parts dataset/File1/img/Car damages 642.png,Car parts dataset/File1/ann/Car damages 642.png.json,Dent,Car parts dataset/File1/img/Car damages 642.png,"[85,106,210,231]"
dent-42828ba989c8d725,classification/dent/dent-42828ba989c8d725.jpg,dent,https://huggingface.co/datasets/DrBimmer/car-parts-and-damage-dataset,,MIT,bb3d9456c630c40068e4acd63ac3916449108dedbe62b7fb10b9228c825b1c04,DrBimmer/car-parts-and-damage-dataset,2dbf46f7e23eb0d6f551d38e4f77a11fe9d045b9,Car parts dataset/File1/img/Car damages 656.png,Car parts dataset/File1/ann/Car damages 656.png.json,Dent,Car parts dataset/File1/img/Car damages 656.png,"[306,180,402,276]"
dent-09ec82db117a3bc9,classification/dent/dent-09ec82db117a3bc9.jpg,dent,https://huggingface.co/datasets/DrBimmer/car-parts-and-damage-dataset,,MIT,862a534959d209901cb3d3d34c8924730d090314b96de3b709048fa5deda554b,DrBimmer/car-parts-and-damage-dataset,2dbf46f7e23eb0d6f551d38e4f77a11fe9d045b9,Car parts dataset/File1/img/Car damages 689.png,Car parts dataset/File1/ann/Car damages 689.png.json,Dent,Car parts dataset/File1/img/Car damages 689.png,"[147,163,247,262]"
dent-41b5687adfaf5eef,classification/dent/dent-41b5687adfaf5eef.jpg,dent,https://huggingface.co/datasets/DrBimmer/car-parts-and-damage-dataset,,MIT,b4f2619a6f1a100739dd564a3c101c8e5e38011d894257e7b66c35c1ed0469bd,DrBimmer/car-parts-and-damage-dataset,2dbf46f7e23eb0d6f551d38e4f77a11fe9d045b9,Car parts dataset/File1/img/Car damages 858.png,Car parts dataset/File1/ann/Car damages 858.png.json,Dent,Car parts dataset/File1/img/Car damages 858.png,"[336,0,616,280]"
dent-314c6414976c74be,classification/dent/dent-314c6414976c74be.jpg,dent,https://huggingface.co/datasets/DrBimmer/car-parts-and-damage-dataset,,MIT,78290baaf4e69a75cf7bbd4511d9edc718c5b25744ee39d2946da2b6db4655de,DrBimmer/car-parts-and-damage-dataset,2dbf46f7e23eb0d6f551d38e4f77a11fe9d045b9,Car parts dataset/File1/img/Car damages 882.png,Car parts dataset/File1/ann/Car damages 882.png.json,Dent,Car parts dataset/File1/img/Car damages 882.png,"[287,119,411,242]"
dent-ea054d0dac12ff99,classification/dent/dent-ea054d0dac12ff99.jpg,dent,https://huggingface.co/datasets/DrBimmer/car-parts-and-damage-dataset,,MIT,b7250b4f1a99fab287814774649c5d1514d713a0acccf096819b985c7d83a01e,DrBimmer/car-parts-and-damage-dataset,2dbf46f7e23eb0d6f551d38e4f77a11fe9d045b9,Car parts dataset/File1/img/Car damages 938.png,Car parts dataset/File1/ann/Car damages 938.png.json,Dent,Car parts dataset/File1/img/Car damages 938.png,"[0,71,96,167]"
dent-e0de982aa13bf2ae,classification/dent/dent-e0de982aa13bf2ae.jpg,dent,https://huggingface.co/datasets/DrBimmer/car-parts-and-damage-dataset,,MIT,6b4cdde563177b3d10402c4bd532d6cf8c824dbf671bd66a4c0d013b7de7025e,DrBimmer/car-parts-and-damage-dataset,2dbf46f7e23eb0d6f551d38e4f77a11fe9d045b9,Car parts dataset/File1/img/Car damages 978.png,Car parts dataset/File1/ann/Car damages 978.png.json,Dent,Car parts dataset/File1/img/Car damages 978.png,"[16,160,112,256]"
normal-c4289b25446d027b,classification/normal/normal-c4289b25446d027b.jpg,normal,https://huggingface.co/datasets/DrBimmer/car-parts-and-damage-dataset,,MIT,051df9bcbbd7f367989de51359de92dbade890c4ac446712c618c918f9b174c8,DrBimmer/car-parts-and-damage-dataset,2dbf46f7e23eb0d6f551d38e4f77a11fe9d045b9,Car damages dataset/File1/img/Car damages 1058.png,Car damages dataset/File1/ann/Car damages 1058.png.json,Front-bumper,Car damages dataset/File1/img/Car damages 1058.png,"[80,0,622,543]"
normal-63d5b85a4e3bb4d9,classification/normal/normal-63d5b85a4e3bb4d9.jpg,normal,https://huggingface.co/datasets/DrBimmer/car-parts-and-damage-dataset,,MIT,f6e676d23cd96912f73e32b44152d60e0b0cd6d100a7ca240e87dc481b1e3057,DrBimmer/car-parts-and-damage-dataset,2dbf46f7e23eb0d6f551d38e4f77a11fe9d045b9,Car damages dataset/File1/img/Car damages 1072.png,Car damages dataset/File1/ann/Car damages 1072.png.json,Front-door,Car damages dataset/File1/img/Car damages 1072.png,"[237,0,532,295]"
normal-2cdaa2ec1a2f2e85,classification/normal/normal-2cdaa2ec1a2f2e85.jpg,normal,https://huggingface.co/datasets/DrBimmer/car-parts-and-damage-dataset,,MIT,0ad9236fae3867364d55759350ca1637bee3ca0e26f6b7b5a5be862bfe7b014c,DrBimmer/car-parts-and-damage-dataset,2dbf46f7e23eb0d6f551d38e4f77a11fe9d045b9,Car damages dataset/File1/img/Car damages 1104.png,Car damages dataset/File1/ann/Car damages 1104.png.json,Back-bumper,Car damages dataset/File1/img/Car damages 1104.png,"[0,94,500,594]"
normal-a87b1a215de6319b,classification/normal/normal-a87b1a215de6319b.jpg,normal,https://huggingface.co/datasets/DrBimmer/car-parts-and-damage-dataset,,MIT,b8fb705a703eb48a7af42e53408546bc4247c2c9dcb178267a4d946aa90da18e,DrBimmer/car-parts-and-damage-dataset,2dbf46f7e23eb0d6f551d38e4f77a11fe9d045b9,Car damages dataset/File1/img/Car damages 1280.jpg,Car damages dataset/File1/ann/Car damages 1280.jpg.json,Front-bumper,Car damages dataset/File1/img/Car damages 1280.jpg,"[279,107,635,462]"
normal-5390f9a8f2ecf4a3,classification/normal/normal-5390f9a8f2ecf4a3.jpg,normal,https://huggingface.co/datasets/DrBimmer/car-parts-and-damage-dataset,,MIT,f86ad9dfd0113d34d2c7040d87a251baa99992d95f167708911d1fdbb5d93335,DrBimmer/car-parts-and-damage-dataset,2dbf46f7e23eb0d6f551d38e4f77a11fe9d045b9,Car damages dataset/File1/img/Car damages 136.png,Car damages dataset/File1/ann/Car damages 136.png.json,Hood,Car damages dataset/File1/img/Car damages 136.png,"[162,0,612,449]"
normal-c9aa793888018a03,classification/normal/normal-c9aa793888018a03.jpg,normal,https://huggingface.co/datasets/DrBimmer/car-parts-and-damage-dataset,,MIT,a0b98fa7128521a97e0fa5fbb9ac1571be593528a043c3e27418a523fe56d1e9,DrBimmer/car-parts-and-damage-dataset,2dbf46f7e23eb0d6f551d38e4f77a11fe9d045b9,Car damages dataset/File1/img/Car damages 1375.png,Car damages dataset/File1/ann/Car damages 1375.png.json,Front-door,Car damages dataset/File1/img/Car damages 1375.png,"[0,0,601,601]"
normal-69b70a4f47b1e8fa,classification/normal/normal-69b70a4f47b1e8fa.jpg,normal,https://huggingface.co/datasets/DrBimmer/car-parts-and-damage-dataset,,MIT,0fc592b8dbef7f191439d2e638be101b9c9455222d199094f83fd7222ae4abd2,DrBimmer/car-parts-and-damage-dataset,2dbf46f7e23eb0d6f551d38e4f77a11fe9d045b9,Car damages dataset/File1/img/Car damages 1443.png,Car damages dataset/File1/ann/Car damages 1443.png.json,Front-bumper,Car damages dataset/File1/img/Car damages 1443.png,"[275,72,800,597]"
normal-e8327f80277b239f,classification/normal/normal-e8327f80277b239f.jpg,normal,https://huggingface.co/datasets/DrBimmer/car-parts-and-damage-dataset,,MIT,b56267d5f2dc95ca1a5adcb0ab85afca04b9246d836d52791804c086de21be24,DrBimmer/car-parts-and-damage-dataset,2dbf46f7e23eb0d6f551d38e4f77a11fe9d045b9,Car damages dataset/File1/img/Car damages 1460.png,Car damages dataset/File1/ann/Car damages 1460.png.json,Front-bumper,Car damages dataset/File1/img/Car damages 1460.png,"[260,8,802,550]"
normal-a6e76707a9cb670e,classification/normal/normal-a6e76707a9cb670e.jpg,normal,https://huggingface.co/datasets/DrBimmer/car-parts-and-damage-dataset,,MIT,a24ccdd36b9a1554eb6d0ae69c0f68fdcbfbbecd74fdeb03512845632dad5266,DrBimmer/car-parts-and-damage-dataset,2dbf46f7e23eb0d6f551d38e4f77a11fe9d045b9,Car damages dataset/File1/img/Car damages 1474.png,Car damages dataset/File1/ann/Car damages 1474.png.json,Back-bumper,Car damages dataset/File1/img/Car damages 1474.png,"[0,0,550,550]"
normal-0bf5fdc5b42e5b05,classification/normal/normal-0bf5fdc5b42e5b05.jpg,normal,https://huggingface.co/datasets/DrBimmer/car-parts-and-damage-dataset,,MIT,b43218a15485bf3cddcbafd98706855567b19956c4614b361303b2a6c277d53c,DrBimmer/car-parts-and-damage-dataset,2dbf46f7e23eb0d6f551d38e4f77a11fe9d045b9,Car damages dataset/File1/img/Car damages 1480.png,Car damages dataset/File1/ann/Car damages 1480.png.json,Back-bumper,Car damages dataset/File1/img/Car damages 1480.png,"[122,0,704,582]"
normal-1c15d9de807226d8,classification/normal/normal-1c15d9de807226d8.jpg,normal,https://huggingface.co/datasets/DrBimmer/car-parts-and-damage-dataset,,MIT,1f103e8635ec60d09d0bf8c59ed559a582158fee6d3e8d1cb26f3931bacc3995,DrBimmer/car-parts-and-damage-dataset,2dbf46f7e23eb0d6f551d38e4f77a11fe9d045b9,Car damages dataset/File1/img/Car damages 1484.png,Car damages dataset/File1/ann/Car damages 1484.png.json,Front-bumper,Car damages dataset/File1/img/Car damages 1484.png,"[247,26,808,587]"
normal-452d6cfa0eb27452,classification/normal/normal-452d6cfa0eb27452.jpg,normal,https://huggingface.co/datasets/DrBimmer/car-parts-and-damage-dataset,,MIT,67055dd1f8148ecc199dedcae062209dfb3ddd27484fa702c2a58b0411b9bcd5,DrBimmer/car-parts-and-damage-dataset,2dbf46f7e23eb0d6f551d38e4f77a11fe9d045b9,Car damages dataset/File1/img/Car damages 1494.png,Car damages dataset/File1/ann/Car damages 1494.png.json,Quarter-panel,Car damages dataset/File1/img/Car damages 1494.png,"[0,0,482,482]"
normal-9217b6514b97b6e4,classification/normal/normal-9217b6514b97b6e4.jpg,normal,https://huggingface.co/datasets/DrBimmer/car-parts-and-damage-dataset,,MIT,7605c6e5e83c4e96f205317e58d1122c5821ef5b12b2c06a6f107a7d4e5def5b,DrBimmer/car-parts-and-damage-dataset,2dbf46f7e23eb0d6f551d38e4f77a11fe9d045b9,Car damages dataset/File1/img/Car damages 1545.png,Car damages dataset/File1/ann/Car damages 1545.png.json,Front-bumper,Car damages dataset/File1/img/Car damages 1545.png,"[0,0,561,561]"
normal-bb731651997f6880,classification/normal/normal-bb731651997f6880.jpg,normal,https://huggingface.co/datasets/DrBimmer/car-parts-and-damage-dataset,,MIT,4ff2caa031a3ec26d93ad26f554b7a19704401a5bb68b9f9f8e1e5c8bd11fb51,DrBimmer/car-parts-and-damage-dataset,2dbf46f7e23eb0d6f551d38e4f77a11fe9d045b9,Car damages dataset/File1/img/Car damages 1548.png,Car damages dataset/File1/ann/Car damages 1548.png.json,Back-bumper,Car damages dataset/File1/img/Car damages 1548.png,"[248,50,823,625]"
normal-61a2f0867d3a993d,classification/normal/normal-61a2f0867d3a993d.jpg,normal,https://huggingface.co/datasets/DrBimmer/car-parts-and-damage-dataset,,MIT,32027fe349442f51c2c5f585fe20369c647a9c5f32fee29fbcbbf3df54e2dfed,DrBimmer/car-parts-and-damage-dataset,2dbf46f7e23eb0d6f551d38e4f77a11fe9d045b9,Car damages dataset/File1/img/Car damages 1614.png,Car damages dataset/File1/ann/Car damages 1614.png.json,Hood,Car damages dataset/File1/img/Car damages 1614.png,"[0,10,559,568]"
normal-c9b070bd15f892f3,classification/normal/normal-c9b070bd15f892f3.jpg,normal,https://huggingface.co/datasets/DrBimmer/car-parts-and-damage-dataset,,MIT,a6c96377567b58bb4dbe90846b8b589a2546c1697818015f0e107e0bb2ef95a2,DrBimmer/car-parts-and-damage-dataset,2dbf46f7e23eb0d6f551d38e4f77a11fe9d045b9,Car damages dataset/File1/img/Car damages 1657.png,Car damages dataset/File1/ann/Car damages 1657.png.json,Front-door,Car damages dataset/File1/img/Car damages 1657.png,"[150,44,502,396]"
normal-1d11f53369f2b48d,classification/normal/normal-1d11f53369f2b48d.jpg,normal,https://huggingface.co/datasets/DrBimmer/car-parts-and-damage-dataset,,MIT,adab0a5a3da7f43d1a807a0b5ac19cf2796a5b0f51f43a7ce5b9924993496d1b,DrBimmer/car-parts-and-damage-dataset,2dbf46f7e23eb0d6f551d38e4f77a11fe9d045b9,Car damages dataset/File1/img/Car damages 1662.png,Car damages dataset/File1/ann/Car damages 1662.png.json,Back-bumper,Car damages dataset/File1/img/Car damages 1662.png,"[52,0,596,543]"
normal-a8fb68502a607739,classification/normal/normal-a8fb68502a607739.jpg,normal,https://huggingface.co/datasets/DrBimmer/car-parts-and-damage-dataset,,MIT,34b53552a8af6f53a122b381c257672e93c6a7aa355af8909c6e54efa4b3af00,DrBimmer/car-parts-and-damage-dataset,2dbf46f7e23eb0d6f551d38e4f77a11fe9d045b9,Car damages dataset/File1/img/Car damages 1717.png,Car damages dataset/File1/ann/Car damages 1717.png.json,Front-door,Car damages dataset/File1/img/Car damages 1717.png,"[179,8,510,340]"
normal-015786eb72575996,classification/normal/normal-015786eb72575996.jpg,normal,https://huggingface.co/datasets/DrBimmer/car-parts-and-damage-dataset,,MIT,3202df9ae75967cada07c0b90e2f4330068a45f76edc40190114a61b3c95ca53,DrBimmer/car-parts-and-damage-dataset,2dbf46f7e23eb0d6f551d38e4f77a11fe9d045b9,Car damages dataset/File1/img/Car damages 1720.png,Car damages dataset/File1/ann/Car damages 1720.png.json,Back-bumper,Car damages dataset/File1/img/Car damages 1720.png,"[315,0,820,505]"
normal-5fc53496ddddd14a,classification/normal/normal-5fc53496ddddd14a.jpg,normal,https://huggingface.co/datasets/DrBimmer/car-parts-and-damage-dataset,,MIT,e68afb1e5a9d60c5ef3fd6c958fab05cc452bcaea7b2c3b4801101f869ab05c9,DrBimmer/car-parts-and-damage-dataset,2dbf46f7e23eb0d6f551d38e4f77a11fe9d045b9,Car damages dataset/File1/img/Car damages 213.png,Car damages dataset/File1/ann/Car damages 213.png.json,Front-bumper,Car damages dataset/File1/img/Car damages 213.png,"[0,109,309,418]"
normal-0eb852d0023a6eab,classification/normal/normal-0eb852d0023a6eab.jpg,normal,https://huggingface.co/datasets/DrBimmer/car-parts-and-damage-dataset,,MIT,61f921fd14d18721151c965a9a64dd9f72d3cf2ac0f3ccdfab6cbab4a328ef00,DrBimmer/car-parts-and-damage-dataset,2dbf46f7e23eb0d6f551d38e4f77a11fe9d045b9,Car damages dataset/File1/img/Car damages 226.png,Car damages dataset/File1/ann/Car damages 226.png.json,Quarter-panel,Car damages dataset/File1/img/Car damages 226.png,"[56,0,654,598]"
normal-fe960cd993253330,classification/normal/normal-fe960cd993253330.jpg,normal,https://huggingface.co/datasets/DrBimmer/car-parts-and-damage-dataset,,MIT,3f564f43e3319d0b8d9f4c7ffa8a3734657f30f99e2fa6f6a7c49e12912fb536,DrBimmer/car-parts-and-damage-dataset,2dbf46f7e23eb0d6f551d38e4f77a11fe9d045b9,Car damages dataset/File1/img/Car damages 246.jpg,Car damages dataset/File1/ann/Car damages 246.jpg.json,Front-bumper,Car damages dataset/File1/img/Car damages 246.jpg,"[194,38,631,475]"
normal-fb285075d5852bc6,classification/normal/normal-fb285075d5852bc6.jpg,normal,https://huggingface.co/datasets/DrBimmer/car-parts-and-damage-dataset,,MIT,c110199e6382b337609d9d750d0b4003c4abf1ffba2f8bb6419d1673df8d9c21,DrBimmer/car-parts-and-damage-dataset,2dbf46f7e23eb0d6f551d38e4f77a11fe9d045b9,Car damages dataset/File1/img/Car damages 249.png,Car damages dataset/File1/ann/Car damages 249.png.json,Trunk,Car damages dataset/File1/img/Car damages 249.png,"[0,27,428,455]"
normal-d77bd4392c1e38fb,classification/normal/normal-d77bd4392c1e38fb.jpg,normal,https://huggingface.co/datasets/DrBimmer/car-parts-and-damage-dataset,,MIT,7b6c1ad8a4555d7377210d5e6a8e25156dcd04e1e9da3a6a2e93a090f469cefa,DrBimmer/car-parts-and-damage-dataset,2dbf46f7e23eb0d6f551d38e4f77a11fe9d045b9,Car damages dataset/File1/img/Car damages 300.png,Car damages dataset/File1/ann/Car damages 300.png.json,Front-door,Car damages dataset/File1/img/Car damages 300.png,"[262,105,590,432]"
normal-8aed17b13e3c00c0,classification/normal/normal-8aed17b13e3c00c0.jpg,normal,https://huggingface.co/datasets/DrBimmer/car-parts-and-damage-dataset,,MIT,9bfd748a117fb3293aa6aec450d44182a28abb6ed133f8d0f291c4c92c15f9d8,DrBimmer/car-parts-and-damage-dataset,2dbf46f7e23eb0d6f551d38e4f77a11fe9d045b9,Car damages dataset/File1/img/Car damages 308.jpg,Car damages dataset/File1/ann/Car damages 308.jpg.json,Front-bumper,Car damages dataset/File1/img/Car damages 308.jpg,"[199,50,621,473]"
normal-3df8b3442fb94500,classification/normal/normal-3df8b3442fb94500.jpg,normal,https://huggingface.co/datasets/DrBimmer/car-parts-and-damage-dataset,,MIT,cb5fd98e162ac618fe42ce12d6ad7afaf87c18ed4f49c289c439bac25f4bcca9,DrBimmer/car-parts-and-damage-dataset,2dbf46f7e23eb0d6f551d38e4f77a11fe9d045b9,Car damages dataset/File1/img/Car damages 682.png,Car damages dataset/File1/ann/Car damages 682.png.json,Front-bumper,Car damages dataset/File1/img/Car damages 682.png,"[139,0,565,426]"
normal-a44601ca6e66216e,classification/normal/normal-a44601ca6e66216e.jpg,normal,https://huggingface.co/datasets/DrBimmer/car-parts-and-damage-dataset,,MIT,620e77036af31c715d6a142aff4dc9e4c533a881e0f54f63f4ebf66786c9a8f8,DrBimmer/car-parts-and-damage-dataset,2dbf46f7e23eb0d6f551d38e4f77a11fe9d045b9,Car damages dataset/File1/img/Car damages 709.png,Car damages dataset/File1/ann/Car damages 709.png.json,Back-bumper,Car damages dataset/File1/img/Car damages 709.png,"[16,0,446,429]"
normal-1f3a4fc2d78b3ddc,classification/normal/normal-1f3a4fc2d78b3ddc.jpg,normal,https://huggingface.co/datasets/DrBimmer/car-parts-and-damage-dataset,,MIT,dec47007f12124b80a2db21d98326bd946db0a04086e4e515b29acc8fbdc818b,DrBimmer/car-parts-and-damage-dataset,2dbf46f7e23eb0d6f551d38e4f77a11fe9d045b9,Car damages dataset/File1/img/Car damages 717.png,Car damages dataset/File1/ann/Car damages 717.png.json,Back-bumper,Car damages dataset/File1/img/Car damages 717.png,"[142,0,571,429]"
normal-2b900001a926f9f5,classification/normal/normal-2b900001a926f9f5.jpg,normal,https://huggingface.co/datasets/DrBimmer/car-parts-and-damage-dataset,,MIT,f5ae1283c8ac42438d9200e097cef0d1440292c162f6450f6452af54d1b248cf,DrBimmer/car-parts-and-damage-dataset,2dbf46f7e23eb0d6f551d38e4f77a11fe9d045b9,Car damages dataset/File1/img/Car damages 720.png,Car damages dataset/File1/ann/Car damages 720.png.json,Front-bumper,Car damages dataset/File1/img/Car damages 720.png,"[0,0,430,430]"
normal-4accf2492a65c7ed,classification/normal/normal-4accf2492a65c7ed.jpg,normal,https://huggingface.co/datasets/DrBimmer/car-parts-and-damage-dataset,,MIT,063ec34100c632801a86b70edc7d6a60eb9536f24102ad95af8c370a0b2aa025,DrBimmer/car-parts-and-damage-dataset,2dbf46f7e23eb0d6f551d38e4f77a11fe9d045b9,Car damages dataset/File1/img/Car damages 774.png,Car damages dataset/File1/ann/Car damages 774.png.json,Front-door,Car damages dataset/File1/img/Car damages 774.png,"[198,0,662,464]"
rust-809bb5f13f1cdcb0,classification/rust/rust-809bb5f13f1cdcb0.jpg,rust,https://huggingface.co/datasets/DrBimmer/car-parts-and-damage-dataset,,MIT,c0cb8159d8833134501df487d3d4b9ba2485152378f0e8577e096cec5b4d66c1,DrBimmer/car-parts-and-damage-dataset,2dbf46f7e23eb0d6f551d38e4f77a11fe9d045b9,Car parts dataset/File1/img/Car damages 102.jpg,Car parts dataset/File1/ann/Car damages 102.jpg.json,Corrosion,Car parts dataset/File1/img/Car damages 102.jpg,"[360,218,456,314]"
rust-af62525bcc97e07b,classification/rust/rust-af62525bcc97e07b.jpg,rust,https://huggingface.co/datasets/DrBimmer/car-parts-and-damage-dataset,,MIT,bf2f2c43d907f2f2740c0abbafe32804c4d7475a158e814030a16e2cf17946a4,DrBimmer/car-parts-and-damage-dataset,2dbf46f7e23eb0d6f551d38e4f77a11fe9d045b9,Car parts dataset/File1/img/Car damages 1062.png,Car parts dataset/File1/ann/Car damages 1062.png.json,Corrosion,Car parts dataset/File1/img/Car damages 1062.png,"[204,336,330,462]"
rust-5314e8ea14e26595,classification/rust/rust-5314e8ea14e26595.jpg,rust,https://huggingface.co/datasets/DrBimmer/car-parts-and-damage-dataset,,MIT,cad90c42cccd166af6f0f0de86140aed6f6f6c8aeaa5228be77134f1da6e7829,DrBimmer/car-parts-and-damage-dataset,2dbf46f7e23eb0d6f551d38e4f77a11fe9d045b9,Car parts dataset/File1/img/Car damages 1068.png,Car parts dataset/File1/ann/Car damages 1068.png.json,Corrosion,Car parts dataset/File1/img/Car damages 1068.png,"[466,401,635,570]"
rust-16e5c3be42e3ad9d,classification/rust/rust-16e5c3be42e3ad9d.jpg,rust,https://huggingface.co/datasets/DrBimmer/car-parts-and-damage-dataset,,MIT,4cfbaa57e3ada1f93cfcb7af6956ca0652635e1db45eb228f18a7fbaac1ae6c1,DrBimmer/car-parts-and-damage-dataset,2dbf46f7e23eb0d6f551d38e4f77a11fe9d045b9,Car parts dataset/File1/img/Car damages 121.png,Car parts dataset/File1/ann/Car damages 121.png.json,Corrosion,Car parts dataset/File1/img/Car damages 121.png,"[238,254,334,350]"
rust-e44e989efa0b0f90,classification/rust/rust-e44e989efa0b0f90.jpg,rust,https://huggingface.co/datasets/DrBimmer/car-parts-and-damage-dataset,,MIT,7fa6dbd5ae2b730317f764e22a7f51b5ea60eee11dc5c926e179f509722f6e31,DrBimmer/car-parts-and-damage-dataset,2dbf46f7e23eb0d6f551d38e4f77a11fe9d045b9,Car parts dataset/File1/img/Car damages 125.png,Car parts dataset/File1/ann/Car damages 125.png.json,Corrosion,Car parts dataset/File1/img/Car damages 125.png,"[98,164,194,260]"
rust-0ec8486f8c07c432,classification/rust/rust-0ec8486f8c07c432.jpg,rust,https://huggingface.co/datasets/DrBimmer/car-parts-and-damage-dataset,,MIT,e3c3f8920307905e7ae4cc07ab1dd3160e2c08b2d9647a35ab7127ba11ffa9c9,DrBimmer/car-parts-and-damage-dataset,2dbf46f7e23eb0d6f551d38e4f77a11fe9d045b9,Car parts dataset/File1/img/Car damages 1259.png,Car parts dataset/File1/ann/Car damages 1259.png.json,Corrosion,Car parts dataset/File1/img/Car damages 1259.png,"[618,162,714,258]"
rust-3954e4eab5c6d6b3,classification/rust/rust-3954e4eab5c6d6b3.jpg,rust,https://huggingface.co/datasets/DrBimmer/car-parts-and-damage-dataset,,MIT,d3a711a9c2bb955901144aeecf001db2434b225e05aafb472ea767754f924a90,DrBimmer/car-parts-and-damage-dataset,2dbf46f7e23eb0d6f551d38e4f77a11fe9d045b9,Car parts dataset/File1/img/Car damages 1285.png,Car parts dataset/File1/ann/Car damages 1285.png.json,Corrosion,Car parts dataset/File1/img/Car damages 1285.png,"[325,284,544,504]"
rust-60876fee9c0ad1ef,classification/rust/rust-60876fee9c0ad1ef.jpg,rust,https://huggingface.co/datasets/DrBimmer/car-parts-and-damage-dataset,,MIT,0195b8a3aba52af3091c1ca8603a907e677cb021e3f7eade8303bd2af4890625,DrBimmer/car-parts-and-damage-dataset,2dbf46f7e23eb0d6f551d38e4f77a11fe9d045b9,Car parts dataset/File1/img/Car damages 1291.png,Car parts dataset/File1/ann/Car damages 1291.png.json,Corrosion,Car parts dataset/File1/img/Car damages 1291.png,"[274,354,464,543]"
rust-b3f0b13eca06c5bc,classification/rust/rust-b3f0b13eca06c5bc.jpg,rust,https://huggingface.co/datasets/DrBimmer/car-parts-and-damage-dataset,,MIT,b8306f078cb2891873a456346ec5f100c85145aaea66023ac29c65d74d5cc66c,DrBimmer/car-parts-and-damage-dataset,2dbf46f7e23eb0d6f551d38e4f77a11fe9d045b9,Car parts dataset/File1/img/Car damages 1332.png,Car parts dataset/File1/ann/Car damages 1332.png.json,Corrosion,Car parts dataset/File1/img/Car damages 1332.png,"[294,389,448,543]"
rust-3c192e6929e5be0d,classification/rust/rust-3c192e6929e5be0d.jpg,rust,https://huggingface.co/datasets/DrBimmer/car-parts-and-damage-dataset,,MIT,7978396f75924a329efc136df3be9abc45b1ab9608cd4df4e2c1d35572f0c35a,DrBimmer/car-parts-and-damage-dataset,2dbf46f7e23eb0d6f551d38e4f77a11fe9d045b9,Car parts dataset/File1/img/Car damages 1349.png,Car parts dataset/File1/ann/Car damages 1349.png.json,Corrosion,Car parts dataset/File1/img/Car damages 1349.png,"[364,256,597,489]"
rust-2bb38223eb75bb60,classification/rust/rust-2bb38223eb75bb60.jpg,rust,https://huggingface.co/datasets/DrBimmer/car-parts-and-damage-dataset,,MIT,0beef61356c3dcb02031edf832c880abbccfdc2870d8dbba69fe092888753655,DrBimmer/car-parts-and-damage-dataset,2dbf46f7e23eb0d6f551d38e4f77a11fe9d045b9,Car parts dataset/File1/img/Car damages 221.png,Car parts dataset/File1/ann/Car damages 221.png.json,Corrosion,Car parts dataset/File1/img/Car damages 221.png,"[358,416,454,512]"
rust-eac695917005193e,classification/rust/rust-eac695917005193e.jpg,rust,https://huggingface.co/datasets/DrBimmer/car-parts-and-damage-dataset,,MIT,4e8bf6df6adf9f0e258c59b8c1c055eae3b4ec590e77c2ab57748180373129b6,DrBimmer/car-parts-and-damage-dataset,2dbf46f7e23eb0d6f551d38e4f77a11fe9d045b9,Car parts dataset/File1/img/Car damages 251.png,Car parts dataset/File1/ann/Car damages 251.png.json,Corrosion,Car parts dataset/File1/img/Car damages 251.png,"[281,333,444,495]"
rust-3a0eaab924985c4b,classification/rust/rust-3a0eaab924985c4b.jpg,rust,https://huggingface.co/datasets/DrBimmer/car-parts-and-damage-dataset,,MIT,4163a57b858b440bb08e295a413079ca38246eb31aed66f909c43997c4a861ee,DrBimmer/car-parts-and-damage-dataset,2dbf46f7e23eb0d6f551d38e4f77a11fe9d045b9,Car parts dataset/File1/img/Car damages 288.png,Car parts dataset/File1/ann/Car damages 288.png.json,Corrosion,Car parts dataset/File1/img/Car damages 288.png,"[605,272,732,399]"
rust-1eba21b0093a1060,classification/rust/rust-1eba21b0093a1060.jpg,rust,https://huggingface.co/datasets/DrBimmer/car-parts-and-damage-dataset,,MIT,72d665a832eb4fdb397dde981e8607948c750ff98cebe1dca8ce4054c0834438,DrBimmer/car-parts-and-damage-dataset,2dbf46f7e23eb0d6f551d38e4f77a11fe9d045b9,Car parts dataset/File1/img/Car damages 297.png,Car parts dataset/File1/ann/Car damages 297.png.json,Corrosion,Car parts dataset/File1/img/Car damages 297.png,"[440,361,550,472]"
rust-cdfc90dd8561885f,classification/rust/rust-cdfc90dd8561885f.jpg,rust,https://huggingface.co/datasets/DrBimmer/car-parts-and-damage-dataset,,MIT,cfd9cd568cebaf0946ffe1aac9dd532cbc287e3c29cd29ee2cd8cb3f0ef74d7d,DrBimmer/car-parts-and-damage-dataset,2dbf46f7e23eb0d6f551d38e4f77a11fe9d045b9,Car parts dataset/File1/img/Car damages 391.png,Car parts dataset/File1/ann/Car damages 391.png.json,Corrosion,Car parts dataset/File1/img/Car damages 391.png,"[201,0,798,597]"
rust-b1a7cc7750673911,classification/rust/rust-b1a7cc7750673911.jpg,rust,https://huggingface.co/datasets/DrBimmer/car-parts-and-damage-dataset,,MIT,8326c476758ec6c981d6a6dbbb826f3d469824dc0f48fd862e6e09632b42dc88,DrBimmer/car-parts-and-damage-dataset,2dbf46f7e23eb0d6f551d38e4f77a11fe9d045b9,Car parts dataset/File1/img/Car damages 401.png,Car parts dataset/File1/ann/Car damages 401.png.json,Corrosion,Car parts dataset/File1/img/Car damages 401.png,"[355,368,536,549]"
rust-247b7982b7c63ea3,classification/rust/rust-247b7982b7c63ea3.jpg,rust,https://huggingface.co/datasets/DrBimmer/car-parts-and-damage-dataset,,MIT,e0e48fce4b9b291a3ff819dd0b84ce726a247f5f64f5f04d2bacab3847c55fba,DrBimmer/car-parts-and-damage-dataset,2dbf46f7e23eb0d6f551d38e4f77a11fe9d045b9,Car parts dataset/File1/img/Car damages 426.png,Car parts dataset/File1/ann/Car damages 426.png.json,Corrosion,Car parts dataset/File1/img/Car damages 426.png,"[272,436,368,532]"
rust-4f1807d12aaf56af,classification/rust/rust-4f1807d12aaf56af.jpg,rust,https://huggingface.co/datasets/DrBimmer/car-parts-and-damage-dataset,,MIT,274b001069c64ce81a482d36b99fd397ca313eb3092dc70913d130711f172d10,DrBimmer/car-parts-and-damage-dataset,2dbf46f7e23eb0d6f551d38e4f77a11fe9d045b9,Car parts dataset/File1/img/Car damages 447.png,Car parts dataset/File1/ann/Car damages 447.png.json,Corrosion,Car parts dataset/File1/img/Car damages 447.png,"[247,110,557,421]"
rust-4b2c06827d23b5df,classification/rust/rust-4b2c06827d23b5df.jpg,rust,https://huggingface.co/datasets/DrBimmer/car-parts-and-damage-dataset,,MIT,0da1818ea09e32dc2cbc40c42321f3856f15710c0f75102fbb0516b19bf23d7f,DrBimmer/car-parts-and-damage-dataset,2dbf46f7e23eb0d6f551d38e4f77a11fe9d045b9,Car parts dataset/File1/img/Car damages 599.png,Car parts dataset/File1/ann/Car damages 599.png.json,Corrosion,Car parts dataset/File1/img/Car damages 599.png,"[240,264,385,409]"
rust-87e749a8d850106d,classification/rust/rust-87e749a8d850106d.jpg,rust,https://huggingface.co/datasets/DrBimmer/car-parts-and-damage-dataset,,MIT,e57257899efcde8adaa1f6dcc64d57176f0f1dd103d1941634f7527e77acf944,DrBimmer/car-parts-and-damage-dataset,2dbf46f7e23eb0d6f551d38e4f77a11fe9d045b9,Car parts dataset/File1/img/Car damages 633.png,Car parts dataset/File1/ann/Car damages 633.png.json,Corrosion,Car parts dataset/File1/img/Car damages 633.png,"[282,224,378,320]"
rust-6ec81687d8b85596,classification/rust/rust-6ec81687d8b85596.jpg,rust,https://huggingface.co/datasets/DrBimmer/car-parts-and-damage-dataset,,MIT,3c98e1782b0f1127cb6dcc14671f259e59ad492ae413fde8d7312a6400f1189b,DrBimmer/car-parts-and-damage-dataset,2dbf46f7e23eb0d6f551d38e4f77a11fe9d045b9,Car parts dataset/File1/img/Car damages 650.jpg,Car parts dataset/File1/ann/Car damages 650.jpg.json,Corrosion,Car parts dataset/File1/img/Car damages 650.jpg,"[97,242,266,411]"
rust-fe59a12ed049e3cf,classification/rust/rust-fe59a12ed049e3cf.jpg,rust,https://huggingface.co/datasets/DrBimmer/car-parts-and-damage-dataset,,MIT,21c3e17381103d60184f593dc2a352f74f0c8e50b3f7ced30d3cf8af68365d94,DrBimmer/car-parts-and-damage-dataset,2dbf46f7e23eb0d6f551d38e4f77a11fe9d045b9,Car parts dataset/File1/img/Car damages 701.png,Car parts dataset/File1/ann/Car damages 701.png.json,Corrosion,Car parts dataset/File1/img/Car damages 701.png,"[195,266,298,369]"
rust-16d53467d2bd9382,classification/rust/rust-16d53467d2bd9382.jpg,rust,https://huggingface.co/datasets/DrBimmer/car-parts-and-damage-dataset,,MIT,6bd1a2c6ab3d9406d1842e38e78026091e2cfcfcbc36dc7d24da864118ed8416,DrBimmer/car-parts-and-damage-dataset,2dbf46f7e23eb0d6f551d38e4f77a11fe9d045b9,Car parts dataset/File1/img/Car damages 711.png,Car parts dataset/File1/ann/Car damages 711.png.json,Corrosion,Car parts dataset/File1/img/Car damages 711.png,"[477,217,738,478]"
rust-c3f6eddabd6e726c,classification/rust/rust-c3f6eddabd6e726c.jpg,rust,https://huggingface.co/datasets/DrBimmer/car-parts-and-damage-dataset,,MIT,0e58995766aada4655079f9136e388ed0c31d9cc24a01b71f32c85cb5b27f5f1,DrBimmer/car-parts-and-damage-dataset,2dbf46f7e23eb0d6f551d38e4f77a11fe9d045b9,Car parts dataset/File1/img/Car damages 818.png,Car parts dataset/File1/ann/Car damages 818.png.json,Corrosion,Car parts dataset/File1/img/Car damages 818.png,"[208,270,304,366]"
rust-9234a1b172a2d80b,classification/rust/rust-9234a1b172a2d80b.jpg,rust,https://huggingface.co/datasets/DrBimmer/car-parts-and-damage-dataset,,MIT,78685cc09a925db0a82a6c37f84d17bcfa3124f6b37c18c3a6344db209683c15,DrBimmer/car-parts-and-damage-dataset,2dbf46f7e23eb0d6f551d38e4f77a11fe9d045b9,Car parts dataset/File1/img/Car damages 854.png,Car parts dataset/File1/ann/Car damages 854.png.json,Corrosion,Car parts dataset/File1/img/Car damages 854.png,"[297,306,393,402]"
rust-3f1f76849f7804ae,classification/rust/rust-3f1f76849f7804ae.jpg,rust,https://huggingface.co/datasets/DrBimmer/car-parts-and-damage-dataset,,MIT,7cecec8d31e0ac48cbbbe23d3d73b8e35a6700be818898ddc660fde81ac56031,DrBimmer/car-parts-and-damage-dataset,2dbf46f7e23eb0d6f551d38e4f77a11fe9d045b9,Car parts dataset/File1/img/Car damages 889.png,Car parts dataset/File1/ann/Car damages 889.png.json,Corrosion,Car parts dataset/File1/img/Car damages 889.png,"[186,259,282,355]"
rust-b34685620d56a182,classification/rust/rust-b34685620d56a182.jpg,rust,https://huggingface.co/datasets/DrBimmer/car-parts-and-damage-dataset,,MIT,db6b5c36f5faf917dc8dc46f4d4079243ce4d68a207516c123fb064305c270b6,DrBimmer/car-parts-and-damage-dataset,2dbf46f7e23eb0d6f551d38e4f77a11fe9d045b9,Car parts dataset/File1/img/Car damages 903.png,Car parts dataset/File1/ann/Car damages 903.png.json,Corrosion,Car parts dataset/File1/img/Car damages 903.png,"[162,300,258,396]"
rust-a62985025c63db13,classification/rust/rust-a62985025c63db13.jpg,rust,https://huggingface.co/datasets/DrBimmer/car-parts-and-damage-dataset,,MIT,88278df36ae0c9494122c6704743404c00c4454c7bbffd64532cafe7fe2944ef,DrBimmer/car-parts-and-damage-dataset,2dbf46f7e23eb0d6f551d38e4f77a11fe9d045b9,Car parts dataset/File1/img/Car damages 918.png,Car parts dataset/File1/ann/Car damages 918.png.json,Corrosion,Car parts dataset/File1/img/Car damages 918.png,"[224,272,320,368]"
rust-c60198fd3f264d04,classification/rust/rust-c60198fd3f264d04.jpg,rust,https://huggingface.co/datasets/DrBimmer/car-parts-and-damage-dataset,,MIT,0b0737a0d2a334429e8e93c2587001558db350435126892a521495b881ea6063,DrBimmer/car-parts-and-damage-dataset,2dbf46f7e23eb0d6f551d38e4f77a11fe9d045b9,Car parts dataset/File1/img/Car damages 936.png,Car parts dataset/File1/ann/Car damages 936.png.json,Corrosion,Car parts dataset/File1/img/Car damages 936.png,"[254,252,350,348]"
rust-7cc1ad7bddea447d,classification/rust/rust-7cc1ad7bddea447d.jpg,rust,https://huggingface.co/datasets/DrBimmer/car-parts-and-damage-dataset,,MIT,09d8516574c28736374ca3d8b71075a96d29f63106abdb95f6abdf84d56ffc52,DrBimmer/car-parts-and-damage-dataset,2dbf46f7e23eb0d6f551d38e4f77a11fe9d045b9,Car parts dataset/File1/img/Car damages 993.png,Car parts dataset/File1/ann/Car damages 993.png.json,Corrosion,Car parts dataset/File1/img/Car damages 993.png,"[306,288,402,384]"
scratch-6e48dedd3f6e68b9,classification/scratch/scratch-6e48dedd3f6e68b9.jpg,scratch,https://huggingface.co/datasets/DrBimmer/car-parts-and-damage-dataset,,MIT,28e95c9dc73abf997fe566209a49de0930d47e9547925cd0a5988e2ef01c7dad,DrBimmer/car-parts-and-damage-dataset,2dbf46f7e23eb0d6f551d38e4f77a11fe9d045b9,Car parts dataset/File1/img/Car damages 107.png,Car parts dataset/File1/ann/Car damages 107.png.json,Scratch,Car parts dataset/File1/img/Car damages 107.png,"[311,151,407,247]"
scratch-66f08b73588466f7,classification/scratch/scratch-66f08b73588466f7.jpg,scratch,https://huggingface.co/datasets/DrBimmer/car-parts-and-damage-dataset,,MIT,b9eba239dd165867f3f0418393756b5839f8404e8ac9fe6958048b65ac3e902c,DrBimmer/car-parts-and-damage-dataset,2dbf46f7e23eb0d6f551d38e4f77a11fe9d045b9,Car parts dataset/File1/img/Car damages 1089.png,Car parts dataset/File1/ann/Car damages 1089.png.json,Scratch,Car parts dataset/File1/img/Car damages 1089.png,"[171,317,267,413]"
scratch-4da68c55d01003be,classification/scratch/scratch-4da68c55d01003be.jpg,scratch,https://huggingface.co/datasets/DrBimmer/car-parts-and-damage-dataset,,MIT,b947b59a9bd6d425f698ad31622c2df01546ade6f1d5e7656dc3f59afef2119e,DrBimmer/car-parts-and-damage-dataset,2dbf46f7e23eb0d6f551d38e4f77a11fe9d045b9,Car parts dataset/File1/img/Car damages 118.png,Car parts dataset/File1/ann/Car damages 118.png.json,Scratch,Car parts dataset/File1/img/Car damages 118.png,"[356,167,452,263]"
scratch-cb7c58065dd9de36,classification/scratch/scratch-cb7c58065dd9de36.jpg,scratch,https://huggingface.co/datasets/DrBimmer/car-parts-and-damage-dataset,,MIT,f1a1dffcaf56b5d365e7a060ad18198ae7e81eca4b3d681723a094b81f89b235,DrBimmer/car-parts-and-damage-dataset,2dbf46f7e23eb0d6f551d38e4f77a11fe9d045b9,Car parts dataset/File1/img/Car damages 1191.png,Car parts dataset/File1/ann/Car damages 1191.png.json,Scratch,Car parts dataset/File1/img/Car damages 1191.png,"[174,302,270,398]"
scratch-0d3f0e5e1ddc4956,classification/scratch/scratch-0d3f0e5e1ddc4956.jpg,scratch,https://huggingface.co/datasets/DrBimmer/car-parts-and-damage-dataset,,MIT,b1b8a322eaa840e796d1412f6593391ab71845fad1e91789099f998a0fdd456b,DrBimmer/car-parts-and-damage-dataset,2dbf46f7e23eb0d6f551d38e4f77a11fe9d045b9,Car parts dataset/File1/img/Car damages 1195.png,Car parts dataset/File1/ann/Car damages 1195.png.json,Scratch,Car parts dataset/File1/img/Car damages 1195.png,"[334,198,430,294]"
scratch-0d08a3cc634ed954,classification/scratch/scratch-0d08a3cc634ed954.jpg,scratch,https://huggingface.co/datasets/DrBimmer/car-parts-and-damage-dataset,,MIT,ff7c48e838effb7bee755cf670bb6a6fadfc5d0ac1d8b9fc5d8423dd13d51c46,DrBimmer/car-parts-and-damage-dataset,2dbf46f7e23eb0d6f551d38e4f77a11fe9d045b9,Car parts dataset/File1/img/Car damages 1216.png,Car parts dataset/File1/ann/Car damages 1216.png.json,Scratch,Car parts dataset/File1/img/Car damages 1216.png,"[387,180,483,276]"
scratch-83b2f71b963fbc6d,classification/scratch/scratch-83b2f71b963fbc6d.jpg,scratch,https://huggingface.co/datasets/DrBimmer/car-parts-and-damage-dataset,,MIT,b2573f37e264748aa526e7dfeaede34fca2f804f9d74fa3aabfe171b8c7e7438,DrBimmer/car-parts-and-damage-dataset,2dbf46f7e23eb0d6f551d38e4f77a11fe9d045b9,Car parts dataset/File1/img/Car damages 1258.png,Car parts dataset/File1/ann/Car damages 1258.png.json,Scratch,Car parts dataset/File1/img/Car damages 1258.png,"[450,412,546,508]"
scratch-5da8bd41c12d636d,classification/scratch/scratch-5da8bd41c12d636d.jpg,scratch,https://huggingface.co/datasets/DrBimmer/car-parts-and-damage-dataset,,MIT,de4194a41f44bf9719b7ef7ed31023e6ad8b1ce3f0781079209506a1aa53a7c8,DrBimmer/car-parts-and-damage-dataset,2dbf46f7e23eb0d6f551d38e4f77a11fe9d045b9,Car parts dataset/File1/img/Car damages 1277.png,Car parts dataset/File1/ann/Car damages 1277.png.json,Scratch,Car parts dataset/File1/img/Car damages 1277.png,"[427,323,548,443]"
scratch-5d3a220fb861e59a,classification/scratch/scratch-5d3a220fb861e59a.jpg,scratch,https://huggingface.co/datasets/DrBimmer/car-parts-and-damage-dataset,,MIT,c21bf2745983704640439511395a7e744ffd4f22d20aabd44486b1b8ebf01c3d,DrBimmer/car-parts-and-damage-dataset,2dbf46f7e23eb0d6f551d38e4f77a11fe9d045b9,Car parts dataset/File1/img/Car damages 128.png,Car parts dataset/File1/ann/Car damages 128.png.json,Scratch,Car parts dataset/File1/img/Car damages 128.png,"[294,120,390,216]"
scratch-6abb76054d680997,classification/scratch/scratch-6abb76054d680997.jpg,scratch,https://huggingface.co/datasets/DrBimmer/car-parts-and-damage-dataset,,MIT,d78556fb7735852a8457c63b255eedb7093049d0dc45fdd6ba26a7f41685a819,DrBimmer/car-parts-and-damage-dataset,2dbf46f7e23eb0d6f551d38e4f77a11fe9d045b9,Car parts dataset/File1/img/Car damages 189.jpg,Car parts dataset/File1/ann/Car damages 189.jpg.json,Scratch,Car parts dataset/File1/img/Car damages 189.jpg,"[446,228,572,354]"
scratch-70244391004a6a1e,classification/scratch/scratch-70244391004a6a1e.jpg,scratch,https://huggingface.co/datasets/DrBimmer/car-parts-and-damage-dataset,,MIT,3d719c0262a27b92de7bf31b09f35dc5cd8b3e0a664a49f6920f6a90a8f57d2a,DrBimmer/car-parts-and-damage-dataset,2dbf46f7e23eb0d6f551d38e4f77a11fe9d045b9,Car parts dataset/File1/img/Car damages 234.png,Car parts dataset/File1/ann/Car damages 234.png.json,Scratch,Car parts dataset/File1/img/Car damages 234.png,"[380,212,476,308]"
scratch-4700b4d9b738bd0c,classification/scratch/scratch-4700b4d9b738bd0c.jpg,scratch,https://huggingface.co/datasets/DrBimmer/car-parts-and-damage-dataset,,MIT,5b2b708d4aa36cdbc15d64a1c9baed33ea6b1de412a160f3cde3a24ec91b3390,DrBimmer/car-parts-and-damage-dataset,2dbf46f7e23eb0d6f551d38e4f77a11fe9d045b9,Car parts dataset/File1/img/Car damages 240.png,Car parts dataset/File1/ann/Car damages 240.png.json,Scratch,Car parts dataset/File1/img/Car damages 240.png,"[354,202,450,298]"
scratch-befedb0286dbf6a9,classification/scratch/scratch-befedb0286dbf6a9.jpg,scratch,https://huggingface.co/datasets/DrBimmer/car-parts-and-damage-dataset,,MIT,c20263f6b5f68c463409289bf1b90b48d6c9516e8effb6e1f497210e503bf63b,DrBimmer/car-parts-and-damage-dataset,2dbf46f7e23eb0d6f551d38e4f77a11fe9d045b9,Car parts dataset/File1/img/Car damages 248.png,Car parts dataset/File1/ann/Car damages 248.png.json,Scratch,Car parts dataset/File1/img/Car damages 248.png,"[380,294,476,390]"
scratch-1c06a195f6be0867,classification/scratch/scratch-1c06a195f6be0867.jpg,scratch,https://huggingface.co/datasets/DrBimmer/car-parts-and-damage-dataset,,MIT,50b80a11d960edcc62a6f73aa6c32edf6fb0e785226bdf4c16bbebc11bc92a50,DrBimmer/car-parts-and-damage-dataset,2dbf46f7e23eb0d6f551d38e4f77a11fe9d045b9,Car parts dataset/File1/img/Car damages 256.png,Car parts dataset/File1/ann/Car damages 256.png.json,Scratch,Car parts dataset/File1/img/Car damages 256.png,"[576,231,672,327]"
scratch-c1817a7ab587a2d0,classification/scratch/scratch-c1817a7ab587a2d0.jpg,scratch,https://huggingface.co/datasets/DrBimmer/car-parts-and-damage-dataset,,MIT,9d4971f356b5c0b16bede1069f2c54a8351de5a49706a14e0eeaf526fb92c58f,DrBimmer/car-parts-and-damage-dataset,2dbf46f7e23eb0d6f551d38e4f77a11fe9d045b9,Car parts dataset/File1/img/Car damages 260.png,Car parts dataset/File1/ann/Car damages 260.png.json,Scratch,Car parts dataset/File1/img/Car damages 260.png,"[0,0,599,599]"
scratch-6f7327ad9483cd88,classification/scratch/scratch-6f7327ad9483cd88.jpg,scratch,https://huggingface.co/datasets/DrBimmer/car-parts-and-damage-dataset,,MIT,d8dd268a8fc740955fbfb00f58c12f131487b6f48618b5cf4dfb0416d1b5b48c,DrBimmer/car-parts-and-damage-dataset,2dbf46f7e23eb0d6f551d38e4f77a11fe9d045b9,Car parts dataset/File1/img/Car damages 266.png,Car parts dataset/File1/ann/Car damages 266.png.json,Scratch,Car parts dataset/File1/img/Car damages 266.png,"[460,290,556,386]"
scratch-09627cb59b32dfe9,classification/scratch/scratch-09627cb59b32dfe9.jpg,scratch,https://huggingface.co/datasets/DrBimmer/car-parts-and-damage-dataset,,MIT,635338072fdfaf5f21ea79229f35f1f2c11e59e1b545067f9825323d04f3eed9,DrBimmer/car-parts-and-damage-dataset,2dbf46f7e23eb0d6f551d38e4f77a11fe9d045b9,Car parts dataset/File1/img/Car damages 390.png,Car parts dataset/File1/ann/Car damages 390.png.json,Scratch,Car parts dataset/File1/img/Car damages 390.png,"[95,175,299,379]"
scratch-77ed999aa539e168,classification/scratch/scratch-77ed999aa539e168.jpg,scratch,https://huggingface.co/datasets/DrBimmer/car-parts-and-damage-dataset,,MIT,b8fcc60bd4aff4c2c3d6f56d4b1c703ac75d2bd7b795fdb44cd8d18029ad1f9b,DrBimmer/car-parts-and-damage-dataset,2dbf46f7e23eb0d6f551d38e4f77a11fe9d045b9,Car parts dataset/File1/img/Car damages 424.png,Car parts dataset/File1/ann/Car damages 424.png.json,Scratch,Car parts dataset/File1/img/Car damages 424.png,"[294,334,390,430]"
scratch-ad5022b40f5ee074,classification/scratch/scratch-ad5022b40f5ee074.jpg,scratch,https://huggingface.co/datasets/DrBimmer/car-parts-and-damage-dataset,,MIT,115b056ea982eadd86bfa993efe884ffdcd7e35264ea49575f5273320535fbcb,DrBimmer/car-parts-and-damage-dataset,2dbf46f7e23eb0d6f551d38e4f77a11fe9d045b9,Car parts dataset/File1/img/Car damages 443.png,Car parts dataset/File1/ann/Car damages 443.png.json,Scratch,Car parts dataset/File1/img/Car damages 443.png,"[308,52,601,344]"
scratch-15a918a34dc2851e,classification/scratch/scratch-15a918a34dc2851e.jpg,scratch,https://huggingface.co/datasets/DrBimmer/car-parts-and-damage-dataset,,MIT,b979515c028cba9a14d9b79e28ee2df149038610cf56eba232e8ef396463edad,DrBimmer/car-parts-and-damage-dataset,2dbf46f7e23eb0d6f551d38e4f77a11fe9d045b9,Car parts dataset/File1/img/Car damages 451.png,Car parts dataset/File1/ann/Car damages 451.png.json,Scratch,Car parts dataset/File1/img/Car damages 451.png,"[102,162,488,548]"
scratch-0108fcb29e29f1c3,classification/scratch/scratch-0108fcb29e29f1c3.jpg,scratch,https://huggingface.co/datasets/DrBimmer/car-parts-and-damage-dataset,,MIT,d857b51d430b3f620d87fbb8ce5dc83d3aa458f66fad5c81a78d7ceabd39e8e5,DrBimmer/car-parts-and-damage-dataset,2dbf46f7e23eb0d6f551d38e4f77a11fe9d045b9,Car parts dataset/File1/img/Car damages 459.png,Car parts dataset/File1/ann/Car damages 459.png.json,Scratch,Car parts dataset/File1/img/Car damages 459.png,"[193,212,289,308]"
scratch-5e96fa683843c9e5,classification/scratch/scratch-5e96fa683843c9e5.jpg,scratch,https://huggingface.co/datasets/DrBimmer/car-parts-and-damage-dataset,,MIT,bd2c5ae0493ccbafcb1c8a03a9bec82c5c70139da107865ca53197cc4efcb3f9,DrBimmer/car-parts-and-damage-dataset,2dbf46f7e23eb0d6f551d38e4f77a11fe9d045b9,Car parts dataset/File1/img/Car damages 466.png,Car parts dataset/File1/ann/Car damages 466.png.json,Scratch,Car parts dataset/File1/img/Car damages 466.png,"[599,355,740,497]"
scratch-df04651ceb5a4753,classification/scratch/scratch-df04651ceb5a4753.jpg,scratch,https://huggingface.co/datasets/DrBimmer/car-parts-and-damage-dataset,,MIT,b585ea1d9b54610c9d0abdc2d414d3eb2ced91ce6639630da5c0a2ac605d1275,DrBimmer/car-parts-and-damage-dataset,2dbf46f7e23eb0d6f551d38e4f77a11fe9d045b9,Car parts dataset/File1/img/Car damages 615.png,Car parts dataset/File1/ann/Car damages 615.png.json,Scratch,Car parts dataset/File1/img/Car damages 615.png,"[206,264,302,360]"
scratch-e1af21f952bf9750,classification/scratch/scratch-e1af21f952bf9750.jpg,scratch,https://huggingface.co/datasets/DrBimmer/car-parts-and-damage-dataset,,MIT,bd80c48d916242bcbbfee4bbc1078433fe807d9577e7ebccf0dfda2fd0fd75d3,DrBimmer/car-parts-and-damage-dataset,2dbf46f7e23eb0d6f551d38e4f77a11fe9d045b9,Car parts dataset/File1/img/Car damages 618.png,Car parts dataset/File1/ann/Car damages 618.png.json,Scratch,Car parts dataset/File1/img/Car damages 618.png,"[226,226,322,322]"
scratch-9d7bb28a66cb06e9,classification/scratch/scratch-9d7bb28a66cb06e9.jpg,scratch,https://huggingface.co/datasets/DrBimmer/car-parts-and-damage-dataset,,MIT,8d6c0df1c01ca2956288b26b6e5d5bd0b9a81c5b773fa9fa0fb1a2eb109aebb9,DrBimmer/car-parts-and-damage-dataset,2dbf46f7e23eb0d6f551d38e4f77a11fe9d045b9,Car parts dataset/File1/img/Car damages 638.png,Car parts dataset/File1/ann/Car damages 638.png.json,Scratch,Car parts dataset/File1/img/Car damages 638.png,"[426,258,522,354]"
scratch-e2a6e9e164fb3723,classification/scratch/scratch-e2a6e9e164fb3723.jpg,scratch,https://huggingface.co/datasets/DrBimmer/car-parts-and-damage-dataset,,MIT,85b48547800a8b02827b03bac2248a1fdf76c2bf58220839cd1f08fc6887d079,DrBimmer/car-parts-and-damage-dataset,2dbf46f7e23eb0d6f551d38e4f77a11fe9d045b9,Car parts dataset/File1/img/Car damages 758.jpg,Car parts dataset/File1/ann/Car damages 758.jpg.json,Scratch,Car parts dataset/File1/img/Car damages 758.jpg,"[224,303,327,407]"
scratch-9ad7aca8c5185062,classification/scratch/scratch-9ad7aca8c5185062.jpg,scratch,https://huggingface.co/datasets/DrBimmer/car-parts-and-damage-dataset,,MIT,1501e9dec86d9e9e0f64ba5702f528f728163041893c0a8149a14aec1e034f25,DrBimmer/car-parts-and-damage-dataset,2dbf46f7e23eb0d6f551d38e4f77a11fe9d045b9,Car parts dataset/File1/img/Car damages 809.jpg,Car parts dataset/File1/ann/Car damages 809.jpg.json,Scratch,Car parts dataset/File1/img/Car damages 809.jpg,"[440,153,536,249]"
scratch-4f2bb5b9bfb7f895,classification/scratch/scratch-4f2bb5b9bfb7f895.jpg,scratch,https://huggingface.co/datasets/DrBimmer/car-parts-and-damage-dataset,,MIT,536bcd2103beae80673213f19186c59fdf90d636b89b97c0b442ab19eaed4c02,DrBimmer/car-parts-and-damage-dataset,2dbf46f7e23eb0d6f551d38e4f77a11fe9d045b9,Car parts dataset/File1/img/Car damages 865.png,Car parts dataset/File1/ann/Car damages 865.png.json,Scratch,Car parts dataset/File1/img/Car damages 865.png,"[278,274,374,370]"
scratch-172ce005d417b7b8,classification/scratch/scratch-172ce005d417b7b8.jpg,scratch,https://huggingface.co/datasets/DrBimmer/car-parts-and-damage-dataset,,MIT,069b0a74a16f1b69b759de941de00882bfb3fc43ee08370f8f2fbd9a11549f28,DrBimmer/car-parts-and-damage-dataset,2dbf46f7e23eb0d6f551d38e4f77a11fe9d045b9,Car parts dataset/File1/img/Car damages 919.png,Car parts dataset/File1/ann/Car damages 919.png.json,Scratch,Car parts dataset/File1/img/Car damages 919.png,"[251,279,400,429]"
scratch-8783cf1f6612cdee,classification/scratch/scratch-8783cf1f6612cdee.jpg,scratch,https://huggingface.co/datasets/DrBimmer/car-parts-and-damage-dataset,,MIT,a1156135cdddb5759d351060514b0424f5eba3e2e3e7a625db0229f6d067e50e,DrBimmer/car-parts-and-damage-dataset,2dbf46f7e23eb0d6f551d38e4f77a11fe9d045b9,Car parts dataset/File1/img/Car damages 989.png,Car parts dataset/File1/ann/Car damages 989.png.json,Scratch,Car parts dataset/File1/img/Car damages 989.png,"[61,133,157,229]"
