timestamp,prediction_id,image_filename,image_sha256,predicted_class,confidence,is_correct,corrected_class,comment
2026-08-20T17:36:30.946275+00:00,46814039294842cab66c910b397d62ce,defect.jpg,7ff39a71bdad701660b8b01dac60a16ea76d547ff6166acc99a1641bbea1500f,normal,0.7291074991226196,False,,
2026-08-20T18:07:37.306679+00:00,0acb30f4851741fe82151adf63e82ca9,defect.jpg,7ff39a71bdad701660b8b01dac60a16ea76d547ff6166acc99a1641bbea1500f,normal,0.7291074991226196,False,scratch,
2026-08-20T18:08:14.639946+00:00,80719634530940d0880e89eca2de67a5,defect.jpg,7ff39a71bdad701660b8b01dac60a16ea76d547ff6166acc99a1641bbea1500f,normal,0.7291074991226196,False,scratch,
2026-08-21T08:36:32.423784+00:00,31e53a248f0e4f5389b40c95e9e9f5b7,defect.jpg,7ff39a71bdad701660b8b01dac60a16ea76d547ff6166acc99a1641bbea1500f,scratch,0.8376059532165527,True,,
2026-08-21T08:37:13.720127+00:00,1e6795e731044d1b9e8c66df4ddb5211,defect.jpg,7ff39a71bdad701660b8b01dac60a16ea76d547ff6166acc99a1641bbea1500f,scratch,0.8376059532165527,True,,
2026-08-21T12:53:52.364941+00:00,7058f6bd10744e1281be698231423dfe,360_F_106536343_fAGUNFLfCQjhFBlzCkOlUHskz38jEE3j.jpg,3079fbbda4ef394a6994a382ef091898ae8d15ebfcb04b66cb916d236d3b6d37,unknown,0.45543763041496277,False,rust,
2026-08-21T12:58:39.324734+00:00,3b5491aa8c624e1885ad72d9eca377b5,car-dent.jpg,670414173dce26f83dba5a75080e3fe7a72f6175266d059f82603a958bdc48c2,normal,0.7436109781265259,False,dent,
2026-09-06T16:17:06.105021+00:00,fbd2d1e6ea84449cb86405d9c29a2aef,normal-032f357fed5723fa__commons-146134321.jpg,032f357fed5723fa837d3abef2014b11c0ab444897325d7df9e06083467ff37b,normal,0.9985802173614502,True,,Automated professor-demonstration endpoint check.
2026-09-07T03:56:20.691505+00:00,ecf9b85872f344489a983634e5b28737,hitl-0d1663dea6ba46c6.jpg,b0bb55c9927bf9587c0a8880c50f72ae4af3c76cfa6948af0cd56ca124d1f1b5,dent,0.9930867552757263,True,,
